"Parent2Name","Parent1Name","Now_Parent1Reference","CustomerName","Now_Reference","ComputerName","DeviceName","DeviceId","Now_Product.OsType","Now_Physicality","PhysicalServer","VirtualServer","Workstation","Documents","RecoveryTesting","O365Users","CustomerState","CreationDate","ProductionDate","DeviceDeletionDate","SelectedSizeGb","UsedStorageGb"
,"Cubics","CUB","Javelin Kantoor","JAV","JVM-HKA-HYP002","jvm-hka-hyp002","3745727",,"Physical","1",,,,,,"InProduction","12/7/2021 12:00:00 AM","10/14/2016 12:00:00 AM","","119.85","62.79"
,"Cubics","CUB","4ff Fashion B.V.","4FF","JAV15034","astridpc","650902",,"Physical",,,"1",,,,"InProduction","7/2/2018 12:00:00 AM","11/6/2016 12:00:00 AM","","31.6","30.99"
,"Cubics","CUB","4ff Fashion B.V.","4FF","4FF-HKA-HYP002","4ff-hka-hyp002","3515235",,"Physical","1",,,,,,"InProduction","3/25/2021 12:00:00 AM","11/6/2016 12:00:00 AM","","4336.71","7561.87"
,"Cubics","CUB","4ff Fashion B.V.","4FF","Rolfs-MacBook-Pro-4ff-4.local","rolfpc","807909",,"Physical",,,"1",,,,"InProduction","4/29/2019 12:00:00 AM","11/6/2016 12:00:00 AM","","39.44","39.48"
,"Cubics","CUB","4ff Fashion B.V.","4FF","HANNEKE-PC","hannekepc","422470",,"Physical",,,"1",,,,"InProduction","11/9/2016 12:00:00 AM","11/6/2016 12:00:00 AM","","38.89","46.05"
,"Cubics","CUB","DeltaPatents","DEL","DEL-HKA-HYP02","del-hka-hyp02","824091",,"Physical","1",,,,,,"InProduction","5/7/2019 12:00:00 AM","11/7/2016 12:00:00 AM","","3711.94","5090.09"
,"Cubics","CUB","Het Ketelhuis","KET","JAV15855","ket-diskstation","413181",,"Physical",,,"1",,,,"InProduction","10/11/2016 12:00:00 AM","11/11/2016 12:00:00 AM","","13.14","74.1"
,"Cubics","CUB","TD Medical","TDM","TDM-HKA-HYP001","tdm-hka-hyp001","2668579",,"Physical","1",,,,,,"InProduction","11/26/2019 12:00:00 AM","11/11/2016 12:00:00 AM","","1193.43","2379.14"
,"Cubics","CUB","Da Vinci Kliniek BV","DAV","DAV-HKA-ST002","dav-hka-st002","415194",,"Physical","1",,,,,,"InProduction","10/18/2016 12:00:00 AM","11/18/2016 12:00:00 AM","","335.98","280.59"
,"Cubics","CUB","Eindhoven Museum","EIM","EIM-HKA-HYP002","eim-hka-hyp002","980398",,"Physical","1",,,,,,"InProduction","8/20/2019 12:00:00 AM","12/9/2016 12:00:00 AM","","5033.45","4140.7"
,"Cubics","CUB","Eindhoven Museum","EIM","* M365 - stichtingeindhovenmuseum.onmicrosoft.com","stichtingeindhovenmuseum.onmicrosoft.com","3879867",,"Cloud",,,,,,"40","InProduction","4/11/2022 12:00:00 AM","12/9/2016 12:00:00 AM","","1819.29","993.27"
,"Cubics","CUB","iEAR","TQS","TQS-HKA-RDS","tqs-hka-rds_jymgu","4054393",,"Virtual",,"1",,,,,"InProduction","9/30/2022 12:00:00 AM","12/25/2016 12:00:00 AM","","95.12","226.6"
,"Cubics","CUB","iEAR","TQS","TQS-HKA-DEV","tqs-hka-dev_3ifys","4124851",,"Virtual",,"1",,,,,"InProduction","12/6/2022 12:00:00 AM","12/25/2016 12:00:00 AM","","166.11","34.98"
,"Cubics","CUB","iEAR","TQS","TQS-HKA-APP01","tqs-hka-app01_6yen7","4054287",,"Virtual",,"1",,,,,"InProduction","9/30/2022 12:00:00 AM","12/25/2016 12:00:00 AM","","97.39","101.77"
,"Cubics","CUB","iEAR","TQS","TQS-HKA-DC","tqs-hka-dc_mhipd","4054310",,"Virtual",,"1",,,,,"InProduction","9/30/2022 12:00:00 AM","12/25/2016 12:00:00 AM","","72.23","81.27"
,"Cubics","CUB","iEAR","TQS","TQS-HKA-RDGW","tqs-hka-rdgw_quuxa","4054278",,"Virtual",,"1",,,,,"InProduction","9/30/2022 12:00:00 AM","12/25/2016 12:00:00 AM","","53.35","22.09"
,"Cubics","CUB","iEAR","TQS","TQS-IIS","tqs-iis_jleap","4054459",,"Virtual",,"1",,,,,"InProduction","9/30/2022 12:00:00 AM","12/25/2016 12:00:00 AM","","96.79","36.02"
,"Cubics","CUB","iEAR","TQS","TQS-HKA-HYP001","tqs-hka-hyp001","3832106",,"Physical","1",,,,,,"InProduction","3/1/2022 12:00:00 AM","12/25/2016 12:00:00 AM","","1340.11","5288.08"
,"Cubics","CUB","iEAR","TQS","TQS-HKA-APP02","tqs-hka-app02_8a3vm","4054297",,"Virtual",,"1",,,,,"InProduction","9/30/2022 12:00:00 AM","12/25/2016 12:00:00 AM","","453.73","441.16"
,"Cubics","CUB","iEAR","TQS","TQS-HKA-EAC","tqs-hka-eac_ysojr","4054366",,"Virtual",,"1",,,,,"InProduction","9/30/2022 12:00:00 AM","12/25/2016 12:00:00 AM","","116.99","78.99"
,"Cubics","CUB","iEAR","TQS","TQS-HKA-DEV","tqs-hka-dev_bdeq3","4054341",,"Virtual",,"1",,,,,"InProduction","9/30/2022 12:00:00 AM","12/25/2016 12:00:00 AM","","71.65","28.25"
,"Cubics","CUB","Kopak B.V.","KOP","KOP-HKA-HYP002","kop-hka-hyp002","1029163",,"Physical","1",,,,,,"InProduction","9/16/2019 12:00:00 AM","12/5/2016 12:00:00 AM","","5745.21","9568.22"
,"Cubics","CUB","JW Investeringen B.V. (van Hoesel)","HOE","HOE-RDS-001","hoe-rds-001_hbwuf","4054265",,"Virtual",,"1",,,,,"InProduction","9/30/2022 12:00:00 AM","1/7/2017 12:00:00 AM","","132","71.86"
,"Cubics","CUB","JW Investeringen B.V. (van Hoesel)","HOE","HOE-EXCH-001","hoe-exch-001_hyo8a","4054262",,"Virtual",,"1",,,,,"InProduction","9/30/2022 12:00:00 AM","1/7/2017 12:00:00 AM","","475.07","312.38"
,"Cubics","CUB","JW Investeringen B.V. (van Hoesel)","HOE","HOE-DC-001","hoe-dc-001_i3s3m","4054258",,"Virtual",,"1",,,,,"InProduction","9/30/2022 12:00:00 AM","1/7/2017 12:00:00 AM","","766.03","683.51"
,"Cubics","CUB","JW Investeringen B.V. (van Hoesel)","HOE","HOE-APP-002","hoe-app-002_4vuy2","4054257",,"Virtual",,"1",,,,,"InProduction","9/30/2022 12:00:00 AM","1/7/2017 12:00:00 AM","","746.91","387.44"
,"Cubics","CUB","JW Investeringen B.V. (van Hoesel)","HOE","HOE-HYP-002","hoe-hyp-002","908404",,"Physical","1",,,,,,"InProduction","7/2/2019 12:00:00 AM","1/7/2017 12:00:00 AM","","2281.52","4878.4"
,"Cubics","CUB","IAI Industrial Systems B.V.",,"IAI-HKA-HYP003","iai-hka-hyp003","3466002",,"Physical","1",,,,,,"InProduction","1/29/2021 12:00:00 AM","1/19/2017 12:00:00 AM","1/2/2023 12:00:00 AM","1232.3","6404.55"
,"Cubics","CUB","IAI Industrial Systems B.V.","IAI","IAI-HKA-SFTP01","iai-hka-sftp01_agjuc","4018310",,"Virtual",,"1",,,,,"InProduction","8/25/2022 12:00:00 AM","1/19/2017 12:00:00 AM","","111.42","105.95"
,"Cubics","CUB","IAI Industrial Systems B.V.","IAI","IAI-HKA-PBX","iai-hka-pbx","3740682",,"Virtual",,"1",,,,,"InProduction","12/1/2021 12:00:00 AM","1/19/2017 12:00:00 AM","","70.64","34.35"
,"Cubics","CUB","IAI Industrial Systems B.V.","IAI","APP04-PROF2016","iai-app04-profile2016","3274519",,"Virtual",,"1",,,,,"InProduction","6/26/2020 12:00:00 AM","1/19/2017 12:00:00 AM","","785.31","594.51"
,"Cubics","CUB","IAI Industrial Systems B.V.","IAI","IAI-HKA-BI01","iai-hka-bi01_1y3sd","4036507",,"Virtual",,"1",,,,,"InProduction","9/13/2022 12:00:00 AM","1/19/2017 12:00:00 AM","","88.52","75.71"
,"Cubics","CUB","IAI Industrial Systems B.V.","IAI","IAI-HKA-CONF","iai-hka-conf","3266167",,"Virtual",,"1",,,,,"InProduction","6/23/2020 12:00:00 AM","1/19/2017 12:00:00 AM","","85","225.01"
,"Cubics","CUB","IAI Industrial Systems B.V.","IAI","APP06-PROF2016","iai-app06-profile2016","3271852",,"Virtual",,"1",,,,,"InProduction","6/25/2020 12:00:00 AM","1/19/2017 12:00:00 AM","","86.04","168.07"
,"Cubics","CUB","IAI Industrial Systems B.V.","IAI","A4","a4.feha.local","3923887",,"Virtual",,"1",,,,,"InProduction","5/19/2022 12:00:00 AM","1/19/2017 12:00:00 AM","","216.18","111.93"
,"Cubics","CUB","IAI Industrial Systems B.V.","IAI","IAI-HKA-BAM","iai-hka-bam","3347397",,"Virtual",,"1",,,,,"InProduction","9/14/2020 12:00:00 AM","1/19/2017 12:00:00 AM","","216.76","422.92"
,"Cubics","CUB","IAI Industrial Systems B.V.","IAI","IAI-HKA-BIT","iai-hka-bit","3281872",,"Virtual",,"1",,,,,"InProduction","6/30/2020 12:00:00 AM","1/19/2017 12:00:00 AM","","111.72","205.47"
,"Cubics","CUB","IAI Industrial Systems B.V.","IAI","IAI-HKA-FS1","iai-hka-fs1_xptd0","4059241",,"Virtual",,"1",,,,,"InProduction","10/5/2022 12:00:00 AM","1/19/2017 12:00:00 AM","","9604.36","6744.52"
,"Cubics","CUB","IAI Industrial Systems B.V.","IAI","IAI-HKA-RDS02","iai-hka-rds02_y5sdo","4046619",,"Virtual",,"1",,,,,"InProduction","9/22/2022 12:00:00 AM","1/19/2017 12:00:00 AM","","47.68","40.23"
,"Cubics","CUB","IAI Industrial Systems B.V.","IAI","IAI-HKA-DC01","iai-hka-dc01_mtiaq","4028899",,"Virtual",,"1",,,,,"InProduction","9/5/2022 12:00:00 AM","1/19/2017 12:00:00 AM","","73.91","47.94"
,"Cubics","CUB","IAI Industrial Systems B.V.","IAI","IAI-HKA-FS1","iai-hka-fs1","627386",,"Virtual",,"1",,,,,"InProduction","5/4/2018 12:00:00 AM","1/19/2017 12:00:00 AM","","6656.11","4981.39"
,"Cubics","CUB","IAI Industrial Systems B.V.","IAI","IAI-HKA-ADPR","iai-hka-adpr","3281671",,"Virtual",,"1",,,,,"InProduction","6/30/2020 12:00:00 AM","1/19/2017 12:00:00 AM","","61.74","266.37"
,"Cubics","CUB","IAI Industrial Systems B.V.","IAI","NLDER1199-6191-","iai-hka-mgt01_xz3sm","4016032",,"Virtual",,"1",,,,,"InProduction","8/23/2022 12:00:00 AM","1/19/2017 12:00:00 AM","","49.84","46.24"
,"Cubics","CUB","IAI Industrial Systems B.V.","IAI","IAI-HKA-PROFTST","iai-hka-proftst","3274498",,"Virtual",,"1",,,,,"InProduction","6/26/2020 12:00:00 AM","1/19/2017 12:00:00 AM","","465.18","271.36"
,"Cubics","CUB","IAI Industrial Systems B.V.","IAI","IAI-HKA-RDS01","iai-hka-rds01","3271219",,"Virtual",,"1",,,,,"InProduction","6/25/2020 12:00:00 AM","1/19/2017 12:00:00 AM","","126.15","213.61"
,"Cubics","CUB","IAI Industrial Systems B.V.","IAI","IAI-HKA-JIRA","iai-hka-jira","3272110",,"Virtual",,"1",,,,,"InProduction","6/25/2020 12:00:00 AM","1/19/2017 12:00:00 AM","","109.31","232.98"
,"Cubics","CUB","IAI Industrial Systems B.V.","IAI","A1","a1.feha.local","3923918",,"Virtual",,"1",,,,,"InProduction","5/19/2022 12:00:00 AM","1/19/2017 12:00:00 AM","","847.57","387.51"
,"Cubics","CUB","IAI Industrial Systems B.V.","IAI","IAI-HKA-ISAH45","iai-hka-isah45","3281530",,"Virtual",,"1",,,,,"InProduction","6/30/2020 12:00:00 AM","1/19/2017 12:00:00 AM","","152.08","585.04"
,"Cubics","CUB","IAI Industrial Systems B.V.","IAI","IAI-HKA-NEXUS","iai-hka-nexus","3787461",,"Virtual",,"1",,,,,"InProduction","1/19/2022 12:00:00 AM","1/19/2017 12:00:00 AM","","254.32","404.91"
,"Cubics","CUB","IAI Industrial Systems B.V.","IAI","IAI-HKA-UNIT4","iai-hka-unit4","3906696",,"Virtual",,"1",,,,,"InProduction","5/5/2022 12:00:00 AM","1/19/2017 12:00:00 AM","","118.92","73.18"
,"Cubics","CUB","IAI Industrial Systems B.V.","IAI","IAI-HKA-TWINCAT","iai-hka-twincat","3419486",,"Physical",,,"1",,,,"InProduction","12/3/2020 12:00:00 AM","1/19/2017 12:00:00 AM","","156.23","167.18"
,"Cubics","CUB","IAI Industrial Systems B.V.","IAI","IAI-CLA-DC01","iai-cla-dc01_61rvk","4015918",,"Virtual",,"1",,,,,"InProduction","8/23/2022 12:00:00 AM","1/19/2017 12:00:00 AM","","68.1","54.16"
,"Cubics","CUB","IAI Industrial Systems B.V.","IAI","IAI-HKA-WDS","iai-hka-wds","3327851",,"Virtual",,"1",,,,,"InProduction","8/18/2020 12:00:00 AM","1/19/2017 12:00:00 AM","","232.37","346.25"
,"Cubics","CUB","IAI Industrial Systems B.V.","IAI","IAI-HKA-BCL","iai-hka-bcl","3380615",,"Virtual",,"1",,,,,"InProduction","10/21/2020 12:00:00 AM","1/19/2017 12:00:00 AM","","268.66","722.08"
,"Cubics","CUB","IAI Industrial Systems B.V.","IAI","IAI-HKA-EXCH02","iai-hka-exch02","3519757",,"Virtual",,"1",,,,,"InProduction","3/30/2021 12:00:00 AM","1/19/2017 12:00:00 AM","","2171.88","2393.42"
,"Cubics","CUB","IAI Industrial Systems B.V.","IAI","IAI-APP08-ISAHLINUX64","iai-app08-isahlinux64","3296078",,"Virtual",,"1",,,,,"InProduction","7/7/2020 12:00:00 AM","1/19/2017 12:00:00 AM","","76.23","68.17"
,"Cubics","CUB","IAI Industrial Systems B.V.","IAI","IAI-HKA-DC02","iai-hka-dc02","3274444",,"Virtual",,"1",,,,,"InProduction","6/26/2020 12:00:00 AM","1/19/2017 12:00:00 AM","","62.26","131.37"
,"Cubics","CUB","IAI Industrial Systems B.V.","IAI","IAI-HKA-TOEG1","iai-hka-toeg1","3659856",,"Virtual",,"1",,,,,"InProduction","9/7/2021 12:00:00 AM","1/19/2017 12:00:00 AM","","82.74","75.63"
,"Cubics","CUB","IAI Industrial Systems B.V.","IAI","A5","a5.feha.local","3923922",,"Virtual",,"1",,,,,"InProduction","5/19/2022 12:00:00 AM","1/19/2017 12:00:00 AM","","55.9","48.85"
,"Cubics","CUB","IAI Industrial Systems B.V.","IAI","IAI-HKA-SNX2016","iai-hka-snx2016","3274711",,"Virtual",,"1",,,,,"InProduction","6/26/2020 12:00:00 AM","1/19/2017 12:00:00 AM","","78.37","120.75"
,"Cubics","CUB","IAI Industrial Systems B.V.",,"IAI-HKA-HYP004","iai-hka-hyp004","3466019",,"Physical","1",,,,,,"InProduction","1/29/2021 12:00:00 AM","1/19/2017 12:00:00 AM","12/30/2022 12:00:00 AM","149.85","1877.19"
,"Cubics","CUB","IAI Industrial Systems B.V.",,"IAI-HKA-JIRA_ON","iai-hka-jira-test","3837596",,"Virtual",,"1",,,,,"InProduction","3/7/2022 12:00:00 AM","1/19/2017 12:00:00 AM","12/22/2022 12:00:00 AM","96.75","91.84"
,"Cubics","CUB","Eyesupply","EYE","EYE-HKA-NUC","eye-hka-nuc","576680",,"Physical",,,"1",,,,"InProduction","1/18/2018 12:00:00 AM","2/4/2017 12:00:00 AM","","17725.47","56885.26"
,"Cubics","CUB","Archimedes Bouwadvies","ARC","CUB50021","arc-hka-nuc","442378",,"Physical",,,"1",,,,"InProduction","1/10/2017 12:00:00 AM","1/6/2017 12:00:00 AM","","310.44","642.67"
,"Cubics","CUB","Totaalmarkt","TOT","ELI-APP-TOT3","eli-app-tot3","3305880",,"Virtual",,"1",,,,,"InProduction","7/20/2020 12:00:00 AM","2/26/2017 12:00:00 AM","","522.78","3752.53"
,"Cubics","CUB","Totaalmarkt","TOT","TOT-HKA-ST001","tot-hka-st01","756639",,"Physical","1",,,,,,"InProduction","2/14/2019 12:00:00 AM","2/26/2017 12:00:00 AM","","3103.15","2228.07"
,"Cubics","CUB","Dariuz","DAR","DAR-HKA-HYP002","dar-hka-hyp002","532415",,"Physical","1",,,,,,"InProduction","9/18/2017 12:00:00 AM","3/1/2017 12:00:00 AM","","2963.77","7717.45"
,"Cubics","CUB","Direct People","DPE","ELI-APP-DPE","eli-app-dpe","451389",,"Virtual",,"1",,,,,"InProduction","2/2/2017 12:00:00 AM","2/2/2017 12:00:00 AM","","366.32","196.12"
,"Cubics","CUB","Sanders Group","SAN","SAN-HKA-DC01","san-hka-dc01_46aos","4001358",,"Virtual",,"1",,,,,"InProduction","8/8/2022 12:00:00 AM","3/19/2017 12:00:00 AM","","180.2","134.88"
,"Cubics","CUB","Sanders Group","SAN","SAN-HKA-TS01","san-hka-ts01_mputc","4001435",,"Virtual",,"1",,,,,"InProduction","8/8/2022 12:00:00 AM","3/19/2017 12:00:00 AM","","228.73","226.92"
,"Cubics","CUB","Sanders Group","SAN","SAN-HKA-HYP02","san-hka-hyp02","2979775",,"Physical","1",,,,,,"InProduction","3/10/2020 12:00:00 AM","3/19/2017 12:00:00 AM","","1461.26","3882.19"
,"Cubics","CUB","Sanders Group","SAN","SAN-HKA-ERP02","san-hka-erp02_uoev0","4001338",,"Virtual",,"1",,,,,"InProduction","8/8/2022 12:00:00 AM","3/19/2017 12:00:00 AM","","580.14","511.31"
,"Cubics","CUB","Sanders Group","SAN","SAN-HKA-ERP01","san-hka-erp01_st2uf","4001371",,"Virtual",,"1",,,,,"InProduction","8/8/2022 12:00:00 AM","3/19/2017 12:00:00 AM","","184.9","758.44"
,"Cubics","CUB","Van Hout","GVH","GVH-HKA-HYP002","gvh-hka-hyp002","3748377",,"Physical","1",,,,,,"InProduction","12/9/2021 12:00:00 AM","4/6/2017 12:00:00 AM","","5122.81","6802.73"
,"Cubics","CUB","Van Hout","GVH","JAV17452","jav17452","898945",,"Physical",,,"1",,,,"InProduction","6/26/2019 12:00:00 AM","4/6/2017 12:00:00 AM","","146.69","214.43"
,"Cubics","CUB","Van Hout","GVH","JAV16482","jav16482","898912",,"Physical",,,"1",,,,"InProduction","6/26/2019 12:00:00 AM","4/6/2017 12:00:00 AM","","219.27","246.24"
,"Cubics","CUB","Van Hout","GVH","JAV17475","jav17475","899101",,"Physical",,,"1",,,,"InProduction","6/26/2019 12:00:00 AM","4/6/2017 12:00:00 AM","","5.8","5.05"
,"Cubics","CUB","Van Hout","GVH","JAV15033","jav15033","899149",,"Physical",,,"1",,,,"InProduction","6/26/2019 12:00:00 AM","4/6/2017 12:00:00 AM","","37.31","78.9"
,"Cubics","CUB","Van Hout","GVH","JAV17253","jav17253","922642",,"Physical",,,"1",,,,"InProduction","7/11/2019 12:00:00 AM","4/6/2017 12:00:00 AM","","18.14","66.48"
,"Cubics","CUB","Van Hout","GVH","JAV15601TEST","jav15601_gbs","2660521",,"Virtual",,,"1",,,,"InProduction","11/22/2019 12:00:00 AM","4/6/2017 12:00:00 AM","","134.42","159.64"
,"Cubics","CUB","Quantera Global","QUA","QG-DC01","qg-dc01","756283",,"Virtual",,"1",,,,,"InProduction","2/13/2019 12:00:00 AM","4/5/2017 12:00:00 AM","","514.81","323.41"
,"Cubics","CUB","Quantera Global",,"* M365 - quanteraglobal.onmicrosoft.com","quanteraglobal.onmicrosoft.com","3523751",,"Cloud",,,,,,"89","InProduction","4/2/2021 12:00:00 AM","4/5/2017 12:00:00 AM","12/13/2022 12:00:00 AM","1419.21","1137.01"
,"Cubics","CUB","Praktijk Nuenen","PRN","JAV20952","jav20952","3618976",,"Physical",,,"1",,,,"InProduction","7/19/2021 12:00:00 AM","5/22/2017 12:00:00 AM","","66.22","121.43"
,"Cubics","CUB","Xeltis","XEL","XEL-EHV-HYP01","xel-ehv-hyp001","488084",,"Physical","1",,,,,,"InProduction","5/15/2017 12:00:00 AM","6/1/2017 12:00:00 AM","","816.69","2251.83"
,"Cubics","CUB","Xeltis","XEL","XEL-EHV-SQL","xel-ehv-sql_mnxmz","3969173",,"Virtual",,"1",,,,,"InProduction","7/6/2022 12:00:00 AM","6/1/2017 12:00:00 AM","","151.2","1119.9"
,"Cubics","CUB","Xeltis","XEL","XEL-EHV-IIS","xel-ehv-iis_phy5h","3969107",,"Virtual",,"1",,,,,"InProduction","7/6/2022 12:00:00 AM","6/1/2017 12:00:00 AM","","82.03","35.48"
,"Cubics","CUB","Xeltis","XEL","XEL-EHV-FS","xel-ehv-fs","483200",,"Virtual",,"1",,,,,"InProduction","5/1/2017 12:00:00 AM","6/1/2017 12:00:00 AM","","22821.01","11403.77"
,"Cubics","CUB","Loodgietersbedrijf Luuk van den Hout","LLH","* M365 - luukvandenhout.onmicrosoft.com","luukvandenhout.onmicrosoft.com","3659474",,"Cloud",,,,,,"1","InProduction","9/6/2021 12:00:00 AM","5/17/2017 12:00:00 AM","","12.5","13.76"
,"Cubics","CUB","GSE Technology","GSE","GSE-HKA-HYP","gse-hka-hyp","565737",,"Physical","1",,,,,,"InProduction","12/14/2017 12:00:00 AM","11/10/2017 12:00:00 AM","","4188.44","5013.96"
,"Cubics","CUB","Verschuren Interieurbouw",,"VER-HKA-HYP002","ver-hka-hyp002","3754196",,"Physical","1",,,,,,"InProduction","12/15/2021 12:00:00 AM","3/22/2018 12:00:00 AM","12/13/2022 12:00:00 AM","0","8456.07"
,"Cubics","CUB","Verschuren Interieurbouw",,"VER-HKA-HYP001","ver-hka-hyp001","613047",,"Physical","1",,,,,,"InProduction","4/3/2018 12:00:00 AM","3/22/2018 12:00:00 AM","12/13/2022 12:00:00 AM","0","5484.93"
,"Cubics","CUB","Speeltuinwerk Limburg","SWL","SERVER2012","server2012","688166",,"Physical","1",,,,,,"InProduction","9/21/2018 12:00:00 AM","9/21/2018 12:00:00 AM","","83.31","81.63"
,"Cubics","CUB","FRMWRK","FRM","SERVER","server.frmwrk.local","688847",,"Virtual",,"1",,,,,"InProduction","9/24/2018 12:00:00 AM","10/24/2018 12:00:00 AM","","199.68","658.51"
,"Cubics","CUB","Industriele Veiling Eindhoven","IVE","IVEK","ivek","698249",,"Physical",,,"1",,,,"InProduction","10/12/2018 12:00:00 AM","10/12/2018 12:00:00 AM","","44.56","64.29"
,"Cubics","CUB","A.J. Real Estate B.V.","AJH","HYPERV03","aji-hka-hyp003","3404579",,"Physical","1",,,,,,"InProduction","11/17/2020 12:00:00 AM","12/5/2018 12:00:00 AM","","1662.91","7710.28"
,"Cubics","CUB","A.J. Real Estate B.V.","AJH","HYPERV02","aji-hka-hyp002","719338",,"Physical","1",,,,,,"InProduction","11/28/2018 12:00:00 AM","12/5/2018 12:00:00 AM","","1027.49","5045.74"
,"Cubics","CUB","A.J. Real Estate B.V.","AJH","HYPERV01","aji-hka-hyp001","709047",,"Physical","1",,,,,,"InProduction","11/5/2018 12:00:00 AM","12/5/2018 12:00:00 AM","","1438.95","11716.88"
,"Cubics","CUB","van Orsouw kunststoffen","VOK","JAV17485","jav17485","736203",,"Physical",,,"1",,,,"InProduction","1/7/2019 12:00:00 AM","2/7/2019 12:00:00 AM","","2.97","2.47"
,"Cubics","CUB","Knaapen Facilities BV","KNA","KNA-HKA-FS01","kna-hka-fs01","974563",,"Virtual",,"1",,,,,"InProduction","8/15/2019 12:00:00 AM","4/21/2019 12:00:00 AM","","3813.58","2848.45"
,"Cubics","CUB","Knaapen Facilities BV","KNA","KNA-HKA-HYP01","kna-hka-hyp01","960832",,"Physical","1",,,,,,"InProduction","8/6/2019 12:00:00 AM","4/21/2019 12:00:00 AM","","7820.65","55087.26"
,"Cubics","CUB","Alument BV","ALU","ALU-HKA-HYP001","alu-hka-hyp001","1004122",,"Physical","1",,,,,,"InProduction","9/3/2019 12:00:00 AM","10/3/2019 12:00:00 AM","","2145.73","3939.9"
,"Cubics","CUB","The Steel Company","TSC","TSC-HKA-HYP01","tsc-hka-hyp01","1025494",,"Physical","1",,,,,,"InProduction","9/13/2019 12:00:00 AM","10/13/2019 12:00:00 AM","","1157.94","3905.86"
,"Cubics","CUB","Dorina (Hoplun Benelux B.V.)","DOR","DOR-HKA-HYP001","dor-hka-hyp001","1038295",,"Physical","1",,,,,,"InProduction","9/20/2019 12:00:00 AM","10/20/2019 12:00:00 AM","","2534.33","4859.25"
,"Cubics","CUB","Van Wijnen","VWI","VWI-BUN-HYP01","vwi-bun-hyp01","1069093",,"Physical","1",,,,,,"InProduction","10/9/2019 12:00:00 AM","11/9/2019 12:00:00 AM","","445.06","634.29"
,"Cubics","CUB","Dutch Accounting House","DAC","DAC-HKA-HYP01","dac-hka-hyp01","1107259",,"Physical","1",,,,,,"InProduction","10/31/2019 12:00:00 AM","11/23/2019 12:00:00 AM","","1613.89","10064.62"
,"Cubics","CUB","Roxal BV","ROX","PH-HV01","ph-hv01_4gxhq","2954782",,"Physical","1",,,,,,"InProduction","3/2/2020 12:00:00 AM","4/1/2020 12:00:00 AM","","1545.02","5953.62"
,"Cubics","CUB","Mitari Hijstechniek Best BV","MIT","MIT-HKA-HYP01","mit-hka-hyp01_63y60","3381502",,"Physical","1",,,,,,"InProduction","10/22/2020 12:00:00 AM","7/15/2020 12:00:00 AM","","5208.75","7551.45"
,"Cubics","CUB","Mitari Hijstechniek Best BV","MIT","MIT-HKA-HYP02","mit-hka-hyp02_j0jqv","3370554",,"Physical","1",,,,,,"InProduction","10/9/2020 12:00:00 AM","7/15/2020 12:00:00 AM","","2620.77","2349.36"
,"Cubics","CUB","Gremium B.V.","GMM","* M365 - gremiumbv.onmicrosoft.com","gremiumbv.onmicrosoft.com","3246766",,"Cloud",,,,,,"1","InProduction","6/16/2020 12:00:00 AM","7/17/2020 12:00:00 AM","","1888.79","336.46"
,"Cubics","CUB","Md2W","MD2","* M365 - md2wbv.onmicrosoft.com","md2wbv.onmicrosoft.com","3337813",,"Cloud",,,,,,"2","InProduction","9/1/2020 12:00:00 AM","10/2/2020 12:00:00 AM","","366.03","281.96"
,"Cubics","CUB","MasterShip","MAS","MAS-HKA-HYP002","mas-hka-hyp002","3683711",,"Physical","1",,,,,,"InProduction","10/4/2021 12:00:00 AM","10/16/2020 12:00:00 AM","","1517.24","2294.83"
,"Cubics","CUB","PSR-Sotelem","PSR","JAV14350","jav14350","3354190",,"Physical",,,"1",,,,"InProduction","9/21/2020 12:00:00 AM","10/22/2020 12:00:00 AM","","60.25","39.77"
,"Cubics","CUB","Sofa B.V.","SOF","SOF-HKA-APP02","sof-hka-app02_o1oyc","3386021",,"Virtual",,"1",,,,,"InProduction","10/28/2020 12:00:00 AM","11/28/2020 12:00:00 AM","","99.16","115.69"
,"Cubics","CUB","Sofa B.V.","SOF","SOF-HKA-DC","sof-hka-dc_bxjcs","3386019",,"Virtual",,"1",,,,,"InProduction","10/28/2020 12:00:00 AM","11/28/2020 12:00:00 AM","","704.07","2348.49"
,"Cubics","CUB","Sofa B.V.","SOF","* M365 - sofabvnl.onmicrosoft.com","sofabvnl.onmicrosoft.com","3452619",,"Cloud",,,,,,"69","InProduction","1/14/2021 12:00:00 AM","11/28/2020 12:00:00 AM","","981","925"
,"Cubics","CUB","Sofa B.V.",,"SOF-HKA-APP03","sof-hka-app03_t4uzk","3483657",,"Virtual",,"1",,,,,"InProduction","2/18/2021 12:00:00 AM","11/28/2020 12:00:00 AM","12/22/2022 12:00:00 AM","56.51","63.01"
,"Cubics","CUB","Notenboom","NOT","NOT-EHV-FS01","not-ehv-fs01","3412909",,"Physical","1",,,,,,"InProduction","11/25/2020 12:00:00 AM","12/26/2020 12:00:00 AM","","1199.1","731.94"
,"Cubics","CUB","Notenboom","NOT","NOT-EHV-HYP003","not-ehv-hyp003","3415427",,"Physical","1",,,,,,"InProduction","11/30/2020 12:00:00 AM","12/26/2020 12:00:00 AM","","2004.83","15437.39"
,"Cubics","CUB","Smart Mattress Company","","* M365 - smartmattresscompany.onmicrosoft.com","smartmattresscompany.onmicrosoft.com","3434956",,"Cloud",,,,,,"3","InProduction","12/22/2020 12:00:00 AM","12/22/2020 12:00:00 AM","","0.13","0.16"
,"Cubics","CUB","Silver Bullet Investments BV","","* M365 - silverbulletnl.onmicrosoft.com","silverbulletnl.onmicrosoft.com","3450594",,"Cloud",,,,,,"5","InProduction","1/13/2021 12:00:00 AM","2/13/2021 12:00:00 AM","","64.75","50.57"
,"Cubics","CUB","IDEN Architecten","","* M365 - ideneu.onmicrosoft.com","ideneu.onmicrosoft.com","3452631",,"Cloud",,,,,,"1","InProduction","1/14/2021 12:00:00 AM","1/14/2021 12:00:00 AM","","14.4","14.06"
,"Cubics","CUB","Echt Marketing en Communicatie","","ECH-HKA-DC01","ech-hka-dc01","3592358",,"Virtual",,"1",,,,,"InProduction","6/17/2021 12:00:00 AM","7/18/2021 12:00:00 AM","","4315.27","2922.09"
,"Cubics","CUB","eLEAF BV","","ELE-HKA-HYP001","ele-hka-hyp001_4c1fb","3654512",,"Physical","1",,,,,,"InProduction","8/31/2021 12:00:00 AM","8/31/2021 12:00:00 AM","","265.36","893.89"
,"Cubics","CUB","Cubics IT Tilburg B.V.","","CUB-PBX-3CX","cub-pbx-3cx","3811155",,"Virtual",,"1",,,,,"InProduction","2/10/2022 12:00:00 AM","3/12/2022 12:00:00 AM","","69.71","45.32"
,"Cubics","CUB","Cubics IT Tilburg B.V.","","CUB-TFTP01","cub-tftp01_cvpki","4029037",,"Virtual",,"1",,,,,"InProduction","9/5/2022 12:00:00 AM","3/12/2022 12:00:00 AM","","40.01","24.13"
,"Cubics","CUB","Cubics IT Tilburg B.V.","","* M365 - havl.onmicrosoft.com","havl.onmicrosoft.com","4102215",,"Cloud",,,,,,"97","InProduction","11/11/2022 12:00:00 AM","3/12/2022 12:00:00 AM","","840.5","564.81"
,"Cubics","CUB","Cubics Eindhoven","","CUBICS-ZB15G8","cubics-zb15g8_eoa1e","4008640",,"Physical",,,"1",,,,"InProduction","8/16/2022 12:00:00 AM","5/5/2022 12:00:00 AM","","1404.46","975.03"
,"Cubics","CUB","Cubics Eindhoven","","PS-UNIVERSAL","ps-universal_jqzw2","4052167",,"Virtual",,"1",,,,,"InProduction","9/28/2022 12:00:00 AM","5/5/2022 12:00:00 AM","","33.89","30.5"
,"Cubics","CUB","Tsavo","","JAV16480","desktop-r0o3sg6_6wlw4","3885351",,"Physical",,,"1",,,,"InProduction","4/15/2022 12:00:00 AM","4/15/2022 12:00:00 AM","","112.89","136.98"
,"Cubics","CUB","Haans Autoschades BV","","HAANS-DC01","haans-dc01_e2hty","3990146",,"Virtual",,"1",,,,,"InProduction","7/27/2022 12:00:00 AM","8/26/2022 12:00:00 AM","","56.5","28.5"
,"Cubics","CUB","Haans Autoschades BV","","HAANS-FS01","haans-fs01_dx7o7","3990149",,"Virtual",,"1",,,,,"InProduction","7/27/2022 12:00:00 AM","8/26/2022 12:00:00 AM","","493.03","362.74"
,"Cubics","CUB","Haans Autoschades BV","","HAANS-MGT01","haans-mgt01_g16ih","3989387",,"Virtual",,"1",,,,,"InProduction","7/27/2022 12:00:00 AM","8/26/2022 12:00:00 AM","","69.59","36.38"
,"Cubics","CUB","Haans Autoschades BV","","HAANSSVR-SQL01","haanssvr-sql01_dstzf","3990151",,"Virtual",,"1",,,,,"InProduction","7/27/2022 12:00:00 AM","8/26/2022 12:00:00 AM","","122.06","137.36"
,"Cubics","CUB","De Groot Service","DGS","DGS-SRV01","dgs-srv01_amvsf","4011306",,"Virtual",,"1",,,,,"InProduction","8/18/2022 12:00:00 AM","9/18/2022 12:00:00 AM","","143.06","100.54"
,"Cubics","CUB","De Groot Service","DGS","DGS-SYNTESS","dgs-syntess_yte5y","4011282",,"Virtual",,"1",,,,,"InProduction","8/18/2022 12:00:00 AM","9/18/2022 12:00:00 AM","","106.7","116.47"
,"Cubics","CUB","Eco Steam and Heating B.V.","ECO","ECO-RDSH01-2016","eco-rdsh01-2016_7duvy","4088912",,"Virtual",,"1",,,,,"InProduction","11/1/2022 12:00:00 AM","12/2/2022 12:00:00 AM","","88.61","63.21"
,"Cubics","CUB","Eco Steam and Heating B.V.","ECO","ECO-DC01","eco-dc01_yfom1","4088929",,"Virtual",,"1",,,,,"InProduction","11/1/2022 12:00:00 AM","12/2/2022 12:00:00 AM","","72.42","39.12"
,"Cubics","CUB","Eco Steam and Heating B.V.","ECO","ECO-WEB01","eco-web01_8e74l","4088917",,"Virtual",,"1",,,,,"InProduction","11/1/2022 12:00:00 AM","12/2/2022 12:00:00 AM","","66.78","35.08"
,"Cubics","CUB","Eco Steam and Heating B.V.","ECO","ECO-EAC01","eco-eac01_qi70n","4088904",,"Virtual",,"1",,,,,"InProduction","11/1/2022 12:00:00 AM","12/2/2022 12:00:00 AM","","93.13","59.45"
,"Cubics","CUB","Eco Steam and Heating B.V.","ECO","ECO-FS01","eco-fs01_rmqn0","4088899",,"Virtual",,"1",,,,,"InProduction","11/1/2022 12:00:00 AM","12/2/2022 12:00:00 AM","","490.08","475.24"
,"Cubics","CUB","Eco Steam and Heating B.V.","ECO","ECO-RDSH03-2016","eco-rdsh03-2016_d7krh","4088922",,"Virtual",,"1",,,,,"InProduction","11/1/2022 12:00:00 AM","12/2/2022 12:00:00 AM","","93.56","49.53"
,"Cubics","CUB","Eco Steam and Heating B.V.","ECO","ECO-FS02","eco-fs02_bdlhx","4088900",,"Virtual",,"1",,,,,"InProduction","11/1/2022 12:00:00 AM","12/2/2022 12:00:00 AM","","778.18","546.28"
,"Cubics","CUB","Eco Steam and Heating B.V.","ECO","ECO-RDSH02-2016","eco-rdsh02-2016_wyqa7","4088926",,"Virtual",,"1",,,,,"InProduction","11/1/2022 12:00:00 AM","12/2/2022 12:00:00 AM","","103.94","66.49"
,"Cubics","CUB","Eco Steam and Heating B.V.","ECO","ECO-BRGW01","eco-brgw01_k3kgl","4088930",,"Virtual",,"1",,,,,"InProduction","11/1/2022 12:00:00 AM","12/2/2022 12:00:00 AM","","68.69","35.48"
,"Cubics","CUB","Eco Steam and Heating B.V.","ECO","ECO-NAVISION","eco-navision_9ubx0","4088903",,"Virtual",,"1",,,,,"InProduction","11/1/2022 12:00:00 AM","12/2/2022 12:00:00 AM","","136.72","99.3"
,"Cubics","CUB","Eco Steam and Heating B.V.","ECO","TS-NAV","ts-nav_hwrwm","4088919",,"Virtual",,"1",,,,,"InProduction","11/1/2022 12:00:00 AM","12/2/2022 12:00:00 AM","","153.67","65.74"
,"Cubics","CUB","Eco Steam and Heating B.V.","ECO","ECO-MGT01","eco-mgt01_gxlmi","4088897",,"Virtual",,"1",,,,,"InProduction","11/1/2022 12:00:00 AM","12/2/2022 12:00:00 AM","","65.38","41.57"
,"Cubics","CUB","Eco Steam and Heating B.V.","ECO","W12R2SQL14","w12r2sql14_prkae","4088920",,"Virtual",,"1",,,,,"InProduction","11/1/2022 12:00:00 AM","12/2/2022 12:00:00 AM","","74.93","29.93"
,"Cubics","CUB","West-Brabant Corridor","","WBC-PFS01","wbc-pfs01_5zsrd","4110839",,"Virtual",,"1",,,,,"InProduction","11/21/2022 12:00:00 AM","12/19/2022 12:00:00 AM","","148.13","113.43"
,"Cubics","CUB","West-Brabant Corridor","","WBC-RDSH02","wbc-rdsh02_q6i9o","4110849",,"Virtual",,"1",,,,,"InProduction","11/21/2022 12:00:00 AM","12/19/2022 12:00:00 AM","","62.81","27.5"
,"Cubics","CUB","West-Brabant Corridor","","* M365 - westbrabantcorridor.onmicrosoft.com","westbrabantcorridor.onmicrosoft.com","4113242",,"Cloud",,,,,,"19","InProduction","11/23/2022 12:00:00 AM","12/19/2022 12:00:00 AM","","29.69","16.03"
,"Cubics","CUB","West-Brabant Corridor","","WBC-DC01","wbc-dc01_itp41","4110833",,"Virtual",,"1",,,,,"InProduction","11/21/2022 12:00:00 AM","12/19/2022 12:00:00 AM","","54.74","22.49"
,"Cubics","CUB","West-Brabant Corridor","","WBC-DB01","wbc-db01_uneb0","4110838",,"Virtual",,"1",,,,,"InProduction","11/21/2022 12:00:00 AM","12/19/2022 12:00:00 AM","","242.5","271.71"
,"Cubics","CUB","West-Brabant Corridor","","WBC-RDGW01","wbc-rdgw01_w0aol","4110845",,"Virtual",,"1",,,,,"InProduction","11/21/2022 12:00:00 AM","12/19/2022 12:00:00 AM","","55.83","17.55"
,"Cubics","CUB","West-Brabant Corridor","","WBC-RDSH01","wbc-rdsh01_6sgst","4110846",,"Virtual",,"1",,,,,"InProduction","11/21/2022 12:00:00 AM","12/19/2022 12:00:00 AM","","61.64","28.16"
,"Cubics","CUB","West-Brabant Corridor","","WBC-APP01","wbc-app01_mf58g","4110842",,"Virtual",,"1",,,,,"InProduction","11/21/2022 12:00:00 AM","12/19/2022 12:00:00 AM","","168.51","256.04"
